eco_id,zone_id,indicator,value,norm,method,n_sources,source_ref
E-1001,,pm25,217.0,35.0,auto_accredited,3,gis.uznature.uz/stansiya-1001
E-1002,,pm25,84.0,35.0,self_report,1,gis.uznature.uz/stansiya-1002
E-1003,,pm25,45.5,35.0,auto,2,gis.uznature.uz/stansiya-1003
E-1003,,bod,8.4,6.0,auto,2,gis.uznature.uz/stansiya-1003
E-1004,,pm25,28.0,35.0,auto,2,gis.uznature.uz/stansiya-1004
E-1005,,pm25,108.5,35.0,auto_accredited,3,gis.uznature.uz/stansiya-1005
E-1006,,pm25,77.0,35.0,auto_accredited,3,gis.uznature.uz/stansiya-1006
E-2001,,pm25,49.0,35.0,auto,3,gis.uznature.uz/stansiya-2001
E-2002,,pm25,52.5,35.0,auto,3,gis.uznature.uz/stansiya-2002
E-3001,,pm25,52.5,35.0,auto,2,gis.uznature.uz/stansiya-3001
E-3002,,pm25,21.0,35.0,auto,3,gis.uznature.uz/stansiya-3002
E-4001,,pm25,30.8,35.0,auto,3,gis.uznature.uz/stansiya-4001
E-4002,,pm25,24.5,35.0,auto_accredited,3,gis.uznature.uz/stansiya-4002
E-5001,,pm25,26.25,35.0,auto,2,gis.uznature.uz/stansiya-5001
E-5002,,pm25,15.75,35.0,auto,2,gis.uznature.uz/stansiya-5002
E-5003,,pm25,14.0,35.0,auto,2,gis.uznature.uz/stansiya-5003
E-6001,,pm25,24.5,35.0,auto,3,gis.uznature.uz/stansiya-6001
E-6002,,pm25,28.0,35.0,auto,3,gis.uznature.uz/stansiya-6002
E-6002,,bod,4.2,6.0,auto,3,gis.uznature.uz/stansiya-6002
E-6003,,pm25,28.0,35.0,auto,3,gis.uznature.uz/stansiya-6003
E-YUN01,,pm25,29.1,35.0,auto_accredited,2,gis.uznature.uz/stansiya-UN01
E-CHI01,,pm25,26.1,35.0,auto,3,gis.uznature.uz/stansiya-HI01
E-MUL01,,pm25,20.2,35.0,auto,3,gis.uznature.uz/stansiya-UL01
E-YAK01,,pm25,16.9,35.0,auto,2,gis.uznature.uz/stansiya-AK01
E-SER01,,pm25,25.6,35.0,auto_accredited,2,gis.uznature.uz/stansiya-ER01
E-YUN02,,pm25,20.7,35.0,auto,2,gis.uznature.uz/stansiya-UN02
E-CHI02,,pm25,22.2,35.0,auto_accredited,2,gis.uznature.uz/stansiya-HI02
E-MUL02,,pm25,24.8,35.0,auto,2,gis.uznature.uz/stansiya-UL02
E-YAK02,,pm25,29.3,35.0,auto,2,gis.uznature.uz/stansiya-AK02
E-SER02,,pm25,17.6,35.0,auto_accredited,2,gis.uznature.uz/stansiya-ER02
E-YUN03,,pm25,31.0,35.0,auto_accredited,3,gis.uznature.uz/stansiya-UN03
E-CHI03,,pm25,20.9,35.0,auto,2,gis.uznature.uz/stansiya-HI03
E-MUL03,,pm25,25.0,35.0,auto,2,gis.uznature.uz/stansiya-UL03
E-YAK03,,pm25,13.4,35.0,auto_accredited,2,gis.uznature.uz/stansiya-AK03
E-OLM03,,pm25,23.7,35.0,auto_accredited,3,gis.uznature.uz/stansiya-LM03
E-SER03,,pm25,24.3,35.0,auto,3,gis.uznature.uz/stansiya-ER03
E-YUN04,,pm25,31.0,35.0,auto,3,gis.uznature.uz/stansiya-UN04
E-CHI04,,pm25,31.0,35.0,auto,2,gis.uznature.uz/stansiya-HI04
E-MUL04,,pm25,24.7,35.0,auto,2,gis.uznature.uz/stansiya-UL04
E-YAK04,,pm25,20.2,35.0,auto,3,gis.uznature.uz/stansiya-AK04
E-SER04,,pm25,26.2,35.0,auto,2,gis.uznature.uz/stansiya-ER04
E-YUN05,,pm25,29.9,35.0,auto_accredited,2,gis.uznature.uz/stansiya-UN05
E-CHI05,,pm25,21.7,35.0,auto,3,gis.uznature.uz/stansiya-HI05
E-MUL05,,pm25,24.4,35.0,auto,2,gis.uznature.uz/stansiya-UL05
E-YAK05,,pm25,24.1,35.0,auto_accredited,3,gis.uznature.uz/stansiya-AK05
E-SER05,,pm25,24.6,35.0,auto,3,gis.uznature.uz/stansiya-ER05
E-YUN06,,pm25,26.9,35.0,auto_accredited,3,gis.uznature.uz/stansiya-UN06
E-CHI06,,pm25,21.4,35.0,auto,2,gis.uznature.uz/stansiya-HI06
E-MUL06,,pm25,23.7,35.0,auto_accredited,3,gis.uznature.uz/stansiya-UL06
E-YAK06,,pm25,23.7,35.0,auto,3,gis.uznature.uz/stansiya-AK06
E-OLM06,,pm25,24.3,35.0,auto,2,gis.uznature.uz/stansiya-LM06
E-SER06,,pm25,18.0,35.0,auto,3,gis.uznature.uz/stansiya-ER06
E-YUN07,,pm25,24.4,35.0,auto,2,gis.uznature.uz/stansiya-UN07
E-CHI07,,pm25,23.6,35.0,auto,2,gis.uznature.uz/stansiya-HI07
E-MUL07,,pm25,29.6,35.0,auto,3,gis.uznature.uz/stansiya-UL07
E-YAK07,,pm25,17.6,35.0,auto,3,gis.uznature.uz/stansiya-AK07
E-SER07,,pm25,24.4,35.0,auto,3,gis.uznature.uz/stansiya-ER07
E-YUN08,,pm25,28.6,35.0,auto_accredited,2,gis.uznature.uz/stansiya-UN08
E-CHI08,,pm25,22.1,35.0,auto,2,gis.uznature.uz/stansiya-HI08
E-MUL08,,pm25,24.2,35.0,auto,3,gis.uznature.uz/stansiya-UL08
E-YAK08,,pm25,23.8,35.0,auto,2,gis.uznature.uz/stansiya-AK08
E-SER08,,pm25,29.0,35.0,auto_accredited,3,gis.uznature.uz/stansiya-ER08
E-YUN09,,pm25,30.7,35.0,auto_accredited,2,gis.uznature.uz/stansiya-UN09
E-CHI09,,pm25,29.6,35.0,auto_accredited,2,gis.uznature.uz/stansiya-HI09
E-MUL09,,pm25,26.5,35.0,auto_accredited,2,gis.uznature.uz/stansiya-UL09
E-YAK09,,pm25,25.6,35.0,auto,3,gis.uznature.uz/stansiya-AK09
E-OLM09,,pm25,27.2,35.0,auto,2,gis.uznature.uz/stansiya-LM09
E-SER09,,pm25,23.6,35.0,auto,3,gis.uznature.uz/stansiya-ER09
E-YUN10,,pm25,31.0,35.0,auto_accredited,2,gis.uznature.uz/stansiya-UN10
E-CHI10,,pm25,29.5,35.0,auto_accredited,3,gis.uznature.uz/stansiya-HI10
E-MUL10,,pm25,31.0,35.0,auto,2,gis.uznature.uz/stansiya-UL10
E-YAK10,,pm25,27.7,35.0,auto,2,gis.uznature.uz/stansiya-AK10
E-SER10,,pm25,22.3,35.0,auto,2,gis.uznature.uz/stansiya-ER10
